<?xml version="1.0" encoding="UTF-8"?>
<project-private xmlns="http://www.netbeans.org/ns/project-private/1">
    <editor-bookmarks xmlns="http://www.netbeans.org/ns/editor-bookmarks/2" lastBookmarkId="0"/>
    <open-files xmlns="http://www.netbeans.org/ns/projectui-open-files/2">
        <group>
            <file>file:/C:/Users/plays/OneDrive/Documentos/NetBeansProjects/PulgasLoquendas/src/modelos/Simulador.java</file>
            <file>file:/C:/Users/plays/OneDrive/Documentos/NetBeansProjects/PulgasLoquendas/src/modelos/CampoBatalla.java</file>
            <file>file:/C:/Users/plays/OneDrive/Documentos/NetBeansProjects/PulgasLoquendas/src/modelos/Pulga.java</file>
            <file>file:/C:/Users/plays/OneDrive/Documentos/NetBeansProjects/PulgasLoquendas/src/modelos/PulgaMutante.java</file>
            <file>file:/C:/Users/plays/OneDrive/Documentos/NetBeansProjects/PulgasLoquendas/src/modelos/PulgaFantasma.java</file>
            <file>file:/C:/Users/plays/OneDrive/Documentos/NetBeansProjects/PulgasLoquendas/src/modelos/Boundable.java</file>
            <file>file:/C:/Users/plays/OneDrive/Documentos/NetBeansProjects/PulgasLoquendas/src/vistas/VentanaPrincipal.java</file>
        </group>
    </open-files>
</project-private>
